,Formation,Well Name,Depth,GR,ILD_log10,DeltaPHI,PHIND,PE,NM_M,RELPOS,Facies
0,1,1,2808.0,66.276,0.63,3.3,10.65,3.591,1,1.0,4
1,1,1,2808.5,77.252,0.585,6.5,11.95,3.341,1,0.978,4
2,1,1,2809.0,82.899,0.566,9.4,13.6,3.064,1,0.956,4
3,1,1,2809.5,80.671,0.593,9.5,13.25,2.977,1,0.933,4
4,1,1,2810.0,75.971,0.638,8.7,12.35,3.02,1,0.911,4
5,1,1,2810.5,73.955,0.667,6.9,12.25,3.086,1,0.889,4
6,1,1,2811.0,77.962,0.674,6.5,12.45,3.092,1,0.867,4
7,1,1,2811.5,83.894,0.667,6.3,12.65,3.123,1,0.844,4
8,1,1,2812.0,84.424,0.653,6.7,13.05,3.121,1,0.822,4
9,1,1,2812.5,83.16,0.642,7.3,12.95,3.127,1,0.8,4
10,1,1,2813.0,79.063,0.651,7.3,12.05,3.147,1,0.778,4
11,1,1,2813.5,69.002,0.677,6.2,10.8,3.096,1,0.756,4
12,1,1,2814.0,63.983,0.69,4.4,9.7,3.103,1,0.733,4
13,1,1,2814.5,61.797,0.675,3.5,9.15,3.101,1,0.711,4
14,1,1,2815.0,61.372,0.646,2.8,9.3,3.065,1,0.689,4
15,1,1,2815.5,63.535,0.621,2.8,9.8,2.982,1,0.667,4
16,1,1,2816.0,65.126,0.6,3.3,10.55,2.914,1,0.644,9
17,1,1,2816.5,75.93,0.576,3.4,11.9,2.845,1,0.6,9
18,1,1,2817.0,85.077,0.584,4.4,12.9,2.854,1,0.578,4
19,1,1,2817.5,89.459,0.598,6.6,13.5,2.986,1,0.556,4
20,1,1,2818.0,88.619,0.61,7.2,14.8,2.988,1,0.533,4
21,1,1,2818.5,81.593,0.636,6.4,13.9,2.998,1,0.511,4
22,1,1,2819.0,66.595,0.702,2.8,11.4,2.988,1,0.489,4
23,1,1,2819.5,55.081,0.789,2.7,8.15,3.028,1,0.467,4
24,1,1,2820.0,48.112,0.84,1.0,7.5,3.073,1,0.444,4
25,1,1,2820.5,43.73,0.846,0.4,7.1,3.146,1,0.422,8
26,1,1,2821.0,44.097,0.84,0.7,6.65,3.205,1,0.4,4
27,1,1,2821.5,46.839,0.842,0.8,6.6,3.254,1,0.378,4
28,1,1,2822.0,50.348,0.843,1.1,6.75,3.23,1,0.356,4
29,1,1,2822.5,57.129,0.822,2.2,7.3,3.237,1,0.333,4
30,1,1,2823.0,64.465,0.777,4.4,8.4,3.259,1,0.311,4
31,1,1,2823.5,70.267,0.729,7.1,9.85,3.289,1,0.289,4
32,1,1,2824.0,76.566,0.664,10.7,11.55,3.381,1,0.244,4
33,1,1,2824.5,76.778,0.643,10.7,12.25,3.452,1,0.222,4
34,1,1,2825.0,73.971,0.632,9.7,12.55,3.396,1,0.2,4
35,1,1,2825.5,74.314,0.622,8.8,13.1,3.144,1,0.178,4
36,1,1,2826.0,77.031,0.583,4.8,16.2,3.034,1,0.156,4
37,1,1,2826.5,74.469,0.517,4.8,19.2,2.931,1,0.133,4
38,1,1,2827.0,73.327,0.489,6.3,20.35,2.88,1,0.111,4
39,1,1,2827.5,74.575,0.526,4.9,19.25,2.795,1,0.089,4
40,1,1,2828.0,70.536,0.558,6.5,17.05,3.009,1,0.067,4
41,1,1,2828.5,62.939,0.528,7.6,18.8,3.073,1,0.044,4
42,1,1,2829.0,57.137,0.511,10.9,19.15,3.313,1,0.022,4
43,0,1,2829.5,47.345,0.584,7.0,16.3,3.527,2,1.0,9
44,0,1,2830.0,35.733,0.73,6.4,10.2,3.928,2,0.987,7
45,0,1,2830.5,29.327,0.873,2.7,7.85,4.33,2,0.974,7
46,0,1,2831.0,28.242,0.963,1.4,6.3,4.413,2,0.961,7
47,0,1,2831.5,34.558,1.018,1.8,5.6,4.511,2,0.947,8
48,0,1,2832.0,43.754,1.054,1.8,5.2,4.412,2,0.934,8
49,0,1,2832.5,53.612,1.067,1.5,5.05,4.226,2,0.921,8
50,0,1,2833.0,60.719,1.039,1.9,4.85,3.931,2,0.908,8
51,0,1,2833.5,66.538,0.94,2.7,5.45,3.703,2,0.895,7
52,0,1,2834.0,75.522,0.801,4.0,7.3,3.501,2,0.882,7
53,0,1,2834.5,95.979,0.692,6.5,9.55,3.346,2,0.868,7
54,0,1,2835.0,130.26,0.644,8.3,11.15,3.242,2,0.855,7
55,0,1,2835.5,160.167,0.643,9.3,12.15,3.294,2,0.842,9
56,0,1,2836.0,176.528,0.673,9.1,12.05,3.298,2,0.829,9
57,0,1,2836.5,175.622,0.72,8.9,12.15,3.349,2,0.816,9
58,0,1,2837.0,153.965,0.756,7.6,11.9,3.31,2,0.803,9
59,0,1,2837.5,120.076,0.766,7.2,12.2,3.365,2,0.789,9
60,0,1,2838.0,91.434,0.787,7.1,12.15,3.392,2,0.776,7
61,0,1,2838.5,69.312,0.874,4.6,10.4,3.293,2,0.763,9
62,0,1,2839.0,54.828,1.029,0.8,8.2,3.395,2,0.75,7
63,0,1,2839.5,50.854,1.149,0.3,6.85,3.5,2,0.737,9
64,0,1,2840.0,54.632,1.09,1.0,7.4,3.576,2,0.724,9
65,0,1,2840.5,56.835,0.924,4.1,8.45,3.555,2,0.711,7
66,0,1,2841.0,60.393,0.788,7.1,10.05,3.591,2,0.697,7
67,0,1,2841.5,58.94,0.733,8.1,11.15,3.576,2,0.684,7
68,0,1,2842.0,49.719,0.754,6.1,10.75,3.669,2,0.671,7
69,0,1,2842.5,41.404,0.819,3.5,9.55,3.872,2,0.658,7
70,0,1,2843.0,36.084,0.882,1.6,8.2,4.125,2,0.645,7
71,0,1,2843.5,29.344,0.897,0.1,7.25,4.23,2,0.632,9
72,0,1,2844.0,24.072,0.841,-0.6,6.8,4.302,2,0.618,9
73,0,1,2844.5,22.62,0.733,-2.5,7.65,4.348,2,0.605,9
74,0,1,2845.0,22.408,0.597,-3.8,9.5,4.29,2,0.592,9
75,0,1,2845.5,21.184,0.469,-2.7,11.05,4.255,2,0.579,9
76,0,1,2846.0,21.796,0.375,-2.3,13.35,4.213,2,0.566,9
77,0,1,2846.5,23.925,0.314,-1.8,15.1,4.363,2,0.553,9
78,0,1,2847.0,24.464,0.278,-1.3,16.15,4.495,2,0.539,9
79,0,1,2847.5,26.039,0.257,-1.9,16.55,4.602,2,0.526,9
80,0,1,2848.0,27.491,0.247,-2.5,16.45,4.544,2,0.513,9
81,0,1,2848.5,28.193,0.249,-2.4,16.3,4.587,2,0.5,9
82,0,1,2849.0,28.634,0.265,-1.9,16.15,4.678,2,0.487,9
83,0,1,2849.5,29.809,0.299,-1.0,15.2,4.866,2,0.474,9
84,0,1,2850.0,31.172,0.349,-1.5,14.15,4.783,2,0.461,9
85,0,1,2850.5,33.448,0.418,-1.1,12.65,4.688,2,0.447,9
86,0,1,2851.0,33.514,0.503,-1.2,11.3,4.628,2,0.434,9
87,0,1,2851.5,35.146,0.593,-0.5,10.05,4.387,2,0.421,9
88,0,1,2852.0,35.953,0.671,-0.7,9.45,4.291,2,0.408,9
89,0,1,2852.5,35.178,0.729,-0.6,9.0,4.178,2,0.395,9
90,0,1,2853.0,36.109,0.773,0.1,8.35,4.203,2,0.382,9
91,0,1,2853.5,38.769,0.82,1.3,7.55,4.262,2,0.368,7
92,0,1,2854.0,39.511,0.873,1.3,7.05,4.387,2,0.355,7
93,0,1,2854.5,40.523,0.927,2.6,6.5,4.006,2,0.342,7
94,0,1,2855.0,42.694,0.964,2.8,6.8,3.718,2,0.329,7
95,0,1,2855.5,45.297,0.959,3.0,7.3,3.594,2,0.316,7
96,0,1,2856.0,48.145,0.915,3.8,8.2,3.46,2,0.303,7
97,0,1,2856.5,51.041,0.862,5.9,8.75,3.333,2,0.289,7
98,0,1,2857.0,56.125,0.825,7.4,9.3,3.336,2,0.276,7
99,0,1,2857.5,62.205,0.807,6.4,9.9,3.362,2,0.263,7
100,0,1,2858.0,64.865,0.794,4.7,10.25,3.244,2,0.25,7
101,0,1,2858.5,68.186,0.771,4.1,10.25,3.174,2,0.237,7
102,0,1,2859.0,72.421,0.743,4.1,10.55,3.174,2,0.224,7
103,0,1,2859.5,74.322,0.73,4.5,10.65,3.187,2,0.211,7
104,0,1,2860.0,72.543,0.748,4.1,10.35,3.359,2,0.197,7
105,0,1,2860.5,65.672,0.814,3.5,9.05,3.618,2,0.184,7
106,0,1,2861.0,57.153,0.951,1.7,6.75,3.902,2,0.171,7
107,0,1,2861.5,46.056,1.148,0.1,4.55,4.221,2,0.158,9
108,0,1,2862.0,37.961,1.324,0.0,3.3,4.561,2,0.145,9
109,0,1,2862.5,33.579,1.402,-0.2,2.8,4.799,2,0.132,9
110,0,1,2863.0,31.212,1.439,-0.4,2.7,4.874,2,0.118,9
111,0,1,2863.5,30.176,1.486,-0.5,2.55,4.787,2,0.105,9
112,0,1,2864.0,29.858,1.507,-0.7,2.75,4.622,2,0.092,9
113,0,1,2864.5,29.923,1.433,-0.6,3.3,4.375,2,0.079,9
114,0,1,2865.0,34.428,1.279,0.0,4.0,4.115,2,0.066,9
115,0,1,2865.5,39.935,1.134,0.8,4.6,3.979,2,0.053,4
116,0,1,2866.0,39.935,1.134,0.8,4.6,3.979,2,0.053,4
117,0,1,2866.5,46.823,1.05,1.3,5.15,3.727,2,0.039,4
118,0,1,2867.0,57.969,1.01,2.0,5.2,3.537,2,0.026,7
119,0,1,2867.5,71.246,0.954,2.3,5.65,3.482,2,0.013,7
120,3,1,2868.0,82.548,0.843,3.2,7.2,3.532,1,1.0,4
121,3,1,2868.5,92.119,0.718,4.9,8.95,3.484,1,0.968,4
122,3,1,2869.0,93.564,0.635,7.0,11.1,3.402,1,0.935,4
123,3,1,2869.5,86.26,0.615,9.0,11.9,3.486,1,0.903,4
124,3,1,2870.0,77.097,0.637,9.5,11.25,3.56,1,0.871,4
125,3,1,2870.5,67.68,0.651,9.2,10.7,3.473,1,0.839,4
126,3,1,2871.0,64.049,0.639,8.5,10.65,3.401,1,0.806,4
127,3,1,2871.5,67.566,0.621,7.5,11.45,3.307,1,0.774,4
128,3,1,2872.0,69.728,0.604,7.1,12.45,3.28,1,0.742,9
129,3,1,2872.5,67.966,0.582,8.3,13.45,3.253,1,0.71,9
130,3,1,2873.0,65.803,0.565,9.6,13.5,3.284,1,0.677,9
131,3,1,2873.5,62.351,0.575,10.1,11.85,3.405,1,0.645,9
132,3,1,2874.0,59.512,0.621,10.1,9.65,3.504,1,0.613,4
133,3,1,2874.5,61.176,0.691,9.9,8.15,3.587,1,0.581,4
134,3,1,2875.0,65.754,0.751,9.6,7.7,3.605,1,0.548,4
135,3,1,2875.5,66.66,0.768,9.0,8.2,3.505,1,0.516,4
136,3,1,2876.0,64.604,0.742,8.0,8.9,3.411,1,0.484,4
137,3,1,2876.5,61.699,0.696,7.0,9.2,3.319,1,0.452,4
138,3,1,2877.0,58.353,0.657,5.6,9.3,3.265,1,0.419,4
139,3,1,2877.5,55.929,0.64,4.2,9.2,3.167,1,0.387,4
140,3,1,2878.0,57.414,0.64,4.0,9.1,3.181,1,0.355,4
141,3,1,2878.5,60.393,0.64,3.8,9.3,3.133,1,0.323,4
142,3,1,2879.0,65.901,0.636,4.2,9.9,3.163,1,0.29,4
143,3,1,2879.5,71.385,0.635,5.8,10.8,3.131,1,0.258,4
144,3,1,2880.0,75.816,0.625,4.9,13.55,2.997,1,0.226,4
145,3,1,2880.5,75.334,0.587,5.6,15.9,2.938,1,0.194,4
146,3,1,2881.0,72.69,0.558,4.8,18.5,2.969,1,0.129,4
147,3,1,2881.5,68.635,0.558,6.9,19.45,3.104,1,0.097,4
148,3,1,2882.0,60.695,0.52,7.5,21.25,3.147,1,0.065,4
149,3,1,2882.5,51.645,0.501,5.6,18.1,3.354,1,0.032,4
150,2,1,2883.0,41.918,0.548,7.0,10.9,3.764,2,1.0,4
151,2,1,2883.5,32.991,0.633,7.7,6.35,4.109,2,0.968,4
152,2,1,2884.0,28.258,0.705,5.0,6.1,4.154,2,0.935,4
153,2,1,2884.5,26.635,0.769,4.1,5.35,4.321,2,0.903,4
154,2,1,2885.0,25.541,0.847,3.6,4.8,4.476,2,0.871,4
155,2,1,2885.5,23.795,0.948,2.3,4.45,4.565,2,0.839,4
156,2,1,2886.0,20.719,1.061,2.2,3.5,4.615,2,0.806,4
157,2,1,2886.5,18.499,1.139,2.4,3.2,4.696,2,0.774,4
158,2,1,2887.0,19.446,1.118,1.5,4.65,4.668,2,0.742,4
159,2,1,2887.5,21.388,1.019,1.0,7.1,4.579,2,0.71,4
160,2,1,2888.0,24.178,0.908,1.2,9.2,4.292,2,0.677,4
161,2,1,2888.5,27.638,0.812,0.0,11.1,4.046,2,0.645,9
162,2,1,2889.0,31.669,0.724,0.9,11.45,3.822,2,0.613,4
163,2,1,2889.5,39.389,0.627,3.4,11.2,3.629,2,0.581,4
164,2,1,2890.0,49.385,0.535,6.4,11.5,3.517,2,0.548,9
165,2,1,2890.5,58.516,0.488,9.0,11.4,3.474,2,0.516,9
166,2,1,2891.0,66.619,0.511,9.2,10.8,3.613,2,0.484,4
167,2,1,2891.5,67.296,0.602,6.4,9.5,3.862,2,0.452,9
168,2,1,2892.0,57.798,0.745,3.7,8.25,4.052,2,0.419,4
169,2,1,2892.5,48.169,0.912,1.1,7.45,4.241,2,0.387,4
170,2,1,2893.0,41.437,1.045,0.4,6.3,4.476,2,0.355,4
171,2,1,2893.5,39.348,1.117,0.1,5.35,4.712,2,0.323,4
172,2,1,2894.0,49.312,1.144,1.0,4.5,4.56,2,0.29,4
173,2,1,2894.5,61.984,1.143,0.7,4.85,4.605,2,0.258,4
174,2,1,2895.0,73.506,1.122,0.9,5.75,4.574,2,0.226,4
175,2,1,2895.5,74.208,1.095,0.3,6.85,4.478,2,0.194,4
176,2,1,2896.0,67.819,1.072,-0.7,7.55,4.444,2,0.161,9
177,2,1,2896.5,61.625,1.057,-1.2,7.4,4.439,2,0.129,9
178,2,1,2897.0,61.625,1.057,-1.2,7.4,4.439,2,0.129,9
179,2,1,2897.5,55.481,1.041,-0.9,6.55,4.335,2,0.097,9
180,2,1,2898.0,57.251,0.98,-0.1,5.75,3.907,2,0.065,9
181,2,1,2898.5,67.28,0.84,-0.6,7.1,3.58,2,0.032,9
182,5,1,2899.0,76.02,0.686,0.7,9.45,3.23,1,1.0,4
183,5,1,2899.5,84.457,0.603,2.5,12.45,2.967,1,0.947,4
184,5,1,2900.0,89.019,0.595,4.6,14.9,2.794,1,0.895,4
185,5,1,2900.5,89.933,0.591,3.9,18.55,2.789,1,0.842,9
186,5,1,2901.0,89.386,0.539,4.5,22.55,2.861,1,0.789,9
187,5,1,2901.5,89.427,0.479,6.2,25.4,2.935,1,0.737,9
188,5,1,2902.0,87.517,0.461,7.6,24.4,3.128,1,0.684,9
189,5,1,2902.5,83.747,0.485,8.7,23.15,3.284,1,0.632,9
190,5,1,2903.0,78.304,0.541,6.1,21.25,3.332,1,0.579,9
191,5,1,2903.5,71.858,0.635,8.5,15.95,3.485,1,0.526,4
192,5,1,2904.0,64.701,0.737,5.0,15.7,3.471,1,0.474,4
193,5,1,2904.5,64.293,0.752,1.7,17.15,3.45,1,0.421,4
194,5,1,2905.0,67.158,0.686,-0.3,19.95,3.276,1,0.368,9
195,5,1,2905.5,72.478,0.631,0.2,20.4,3.171,1,0.316,9
196,5,1,2906.0,78.068,0.614,5.0,18.1,3.252,1,0.211,4
197,5,1,2906.5,73.008,0.592,2.4,20.1,3.175,1,0.158,4
198,5,1,2907.0,64.644,0.543,1.7,22.35,3.302,1,0.105,4
199,5,1,2907.5,49.801,0.538,0.0,20.8,3.551,1,0.053,9
200,4,1,2908.0,35.937,0.628,-2.8,16.8,3.96,2,1.0,8
201,4,1,2908.5,24.203,0.743,-0.3,12.35,4.454,2,0.963,8
202,4,1,2909.0,15.986,0.777,-0.2,11.5,4.657,2,0.926,8
203,4,1,2909.5,12.036,0.773,-0.5,10.55,4.594,2,0.889,8
204,4,1,2910.0,12.746,0.787,-1.2,9.2,4.437,2,0.852,8
205,4,1,2910.5,14.843,0.809,-1.6,7.7,4.351,2,0.815,8
206,4,1,2911.0,17.087,0.806,-1.0,6.8,4.242,2,0.778,9
207,4,1,2911.5,17.977,0.765,0.3,6.45,4.105,2,0.741,9
208,4,1,2912.0,18.834,0.701,-0.1,7.15,4.279,2,0.704,9
209,4,1,2912.5,19.258,0.644,0.4,7.4,4.669,2,0.667,9
210,4,1,2913.0,19.062,0.61,0.6,7.8,5.19,2,0.63,9
211,4,1,2913.5,18.638,0.6,1.8,7.6,5.527,2,0.593,9
212,4,1,2914.0,19.462,0.598,3.4,6.8,6.321,2,0.556,9
213,4,1,2914.5,19.552,0.581,3.1,6.95,6.16,2,0.519,9
214,4,1,2915.0,20.653,0.529,0.9,8.65,5.865,2,0.481,9
215,4,1,2915.5,23.371,0.45,-1.0,11.3,5.315,2,0.444,9
216,4,1,2916.0,25.468,0.391,-1.3,13.75,4.918,2,0.407,9
217,4,1,2916.5,26.292,0.377,-2.3,14.85,4.521,2,0.37,9
218,4,1,2917.0,27.736,0.411,-3.6,14.1,4.443,2,0.333,9
219,4,1,2917.5,29.784,0.482,-3.1,11.85,4.347,2,0.296,9
220,4,1,2918.0,31.041,0.578,-2.2,9.4,4.416,2,0.259,9
221,4,1,2918.5,30.837,0.683,-0.4,7.4,4.394,2,0.222,9
222,4,1,2919.0,32.64,0.807,1.0,5.6,4.343,2,0.185,4
223,4,1,2919.5,33.571,0.942,1.6,4.5,4.086,2,0.148,4
224,4,1,2920.0,39.56,1.003,1.9,4.55,3.811,2,0.111,4
225,4,1,2920.5,47.475,0.931,1.5,6.15,3.625,2,0.074,4
226,4,1,2921.0,56.443,0.821,2.3,8.05,3.393,2,0.037,4
227,7,1,2921.5,64.799,0.751,3.4,9.6,3.12,1,1.0,4
228,7,1,2922.0,69.72,0.711,3.0,12.4,3.03,1,0.95,4
229,7,1,2922.5,72.511,0.637,3.5,16.35,2.984,1,0.9,4
230,7,1,2923.0,74.698,0.525,5.4,20.8,2.915,1,0.85,4
231,7,1,2923.5,74.698,0.525,5.4,20.8,2.915,1,0.85,4
232,7,1,2924.0,73.425,0.458,5.2,21.6,2.92,1,0.8,9
233,7,1,2924.5,71.328,0.486,3.1,17.35,2.995,1,0.75,9
234,7,1,2925.0,68.937,0.587,4.1,13.25,3.122,1,0.7,9
235,7,1,2925.5,66.562,0.671,1.3,13.25,3.243,1,0.65,4
236,7,1,2926.0,64.636,0.663,3.2,13.3,3.324,1,0.6,4
237,7,1,2926.5,66.619,0.625,4.0,13.6,3.33,1,0.55,4
238,7,1,2927.0,66.619,0.625,4.0,13.6,3.33,1,0.55,4
239,7,1,2927.5,65.624,0.635,3.2,12.4,3.309,1,0.5,4
240,7,1,2928.0,65.322,0.68,3.3,9.65,3.315,1,0.45,4
241,7,1,2928.5,67.035,0.707,2.4,8.6,3.232,1,0.4,4
242,7,1,2929.0,68.194,0.693,3.0,8.8,3.157,1,0.35,4
243,7,1,2929.5,69.149,0.646,3.0,10.4,3.034,1,0.3,4
244,7,1,2930.0,72.201,0.588,3.2,13.2,3.052,1,0.25,4
245,7,1,2930.5,73.776,0.542,4.4,16.0,3.132,1,0.2,4
246,7,1,2931.0,72.609,0.525,5.5,17.55,3.31,1,0.15,4
247,7,1,2931.5,66.864,0.55,5.3,16.55,3.625,1,0.1,4
248,7,1,2932.0,53.702,0.62,5.7,13.75,4.003,1,0.05,4
249,6,1,2932.5,40.474,0.713,4.7,11.15,4.278,2,1.0,4
250,6,1,2933.0,28.12,0.774,2.2,10.5,4.537,2,0.9,4
251,6,1,2933.5,20.213,0.769,-1.1,10.95,4.682,2,0.8,9
252,6,1,2934.0,19.193,0.732,-1.0,11.1,4.546,2,0.7,9
253,6,1,2934.5,20.449,0.699,-0.7,10.65,4.386,2,0.6,9
254,6,1,2935.0,21.355,0.679,-0.1,9.95,4.28,2,0.5,9
255,6,1,2935.5,21.641,0.668,1.3,8.95,4.221,2,0.4,4
256,6,1,2936.0,24.203,0.653,2.6,8.3,4.099,2,0.3,4
257,6,1,2936.5,34.574,0.613,2.4,9.0,3.66,2,0.2,4
258,6,1,2937.0,45.231,0.548,2.3,10.45,3.496,2,0.1,4
259,9,1,2937.5,56.427,0.498,2.9,11.35,3.338,1,1.0,9
260,9,1,2938.0,67.06,0.504,1.7,11.65,3.135,1,0.944,9
261,9,1,2938.5,70.838,0.558,2.0,10.8,3.012,1,0.889,4
262,9,1,2939.0,69.932,0.612,3.3,10.05,3.066,1,0.833,4
263,9,1,2939.5,74.526,0.633,4.1,10.25,3.109,1,0.778,4
264,9,1,2940.0,77.611,0.626,5.0,11.0,3.063,1,0.722,4
265,9,1,2940.5,78.59,0.605,5.9,11.55,3.092,1,0.667,4
266,9,1,2941.0,76.729,0.591,5.7,11.95,3.051,1,0.611,9
267,9,1,2941.5,74.11,0.608,3.7,10.95,3.07,1,0.556,4
268,9,1,2942.0,66.407,0.653,2.2,9.6,2.997,1,0.5,4
269,9,1,2942.5,64.081,0.693,1.4,8.6,3.093,1,0.444,4
270,9,1,2943.0,65.885,0.705,0.9,8.55,3.106,1,0.389,4
271,9,1,2943.5,70.299,0.696,1.4,9.0,3.085,1,0.333,4
272,9,1,2944.0,70.299,0.696,1.4,9.0,3.085,1,0.333,4
273,9,1,2944.5,74.551,0.677,3.1,9.65,3.066,1,0.278,4
274,9,1,2945.0,79.659,0.643,3.4,12.5,2.902,1,0.222,4
275,9,1,2945.5,80.402,0.573,-2.8,19.3,2.982,1,0.167,9
276,9,1,2946.0,74.649,0.483,-0.5,23.95,3.14,1,0.111,9
277,9,1,2946.5,63.429,0.461,0.2,24.2,3.394,1,0.056,9
278,8,1,2947.0,47.916,0.598,-7.6,18.9,3.762,2,1.0,9
279,8,1,2947.5,32.469,0.912,-1.4,9.8,4.314,2,0.929,8
280,8,1,2948.0,20.718,1.222,-2.9,7.85,4.863,2,0.857,8
281,8,1,2948.5,15.015,1.233,-1.6,6.4,4.813,2,0.786,8
282,8,1,2949.0,14.084,1.084,-1.1,6.55,4.644,2,0.714,9
283,8,1,2949.5,15.937,0.962,-0.4,7.4,4.634,2,0.643,9
284,8,1,2950.0,19.348,0.901,-1.0,7.9,4.545,2,0.571,9
285,8,1,2950.5,21.469,0.906,-1.1,6.75,4.576,2,0.5,9
286,8,1,2951.0,22.587,0.969,-1.4,5.5,4.527,2,0.429,9
287,8,1,2951.5,25.721,1.079,-0.9,4.45,4.512,2,0.357,9
288,8,1,2952.0,29.45,1.2,0.0,4.0,4.437,2,0.286,4
289,8,1,2952.5,36.313,1.169,-3.3,6.95,3.97,2,0.214,4
290,8,1,2953.0,49.491,0.909,-8.9,13.85,3.695,2,0.143,9
291,11,1,2953.5,69.222,0.469,-6.0,27.9,3.351,1,1.0,9
292,11,1,2954.0,70.968,0.444,-2.5,28.85,3.49,1,0.75,9
293,11,1,2954.5,65.379,0.501,-0.3,22.75,3.9,1,0.5,9
294,11,1,2955.0,54.093,0.56,-0.5,16.75,4.126,1,0.25,9
295,10,1,2955.5,41.633,0.541,3.9,11.55,4.482,2,1.0,4
296,10,1,2956.0,33.644,0.439,3.8,11.7,4.707,2,0.976,4
297,10,1,2956.5,28.977,0.321,1.3,14.45,4.447,2,0.951,9
298,10,1,2957.0,24.611,0.232,-1.1,17.25,4.481,2,0.927,9
299,10,1,2957.5,24.154,0.184,-2.9,19.65,4.327,2,0.902,9
300,10,1,2958.0,25.639,0.173,-2.4,20.5,4.302,2,0.878,9
301,10,1,2958.5,25.957,0.191,-2.4,19.9,4.294,2,0.854,9
302,10,1,2959.0,38.965,0.266,-2.1,17.05,4.228,2,0.805,9
303,10,1,2959.5,45.354,0.301,0.2,14.8,4.127,2,0.78,9
304,10,1,2960.0,53.645,0.327,2.6,12.6,3.908,2,0.756,9
305,10,1,2960.5,60.164,0.338,3.8,12.2,3.74,2,0.732,9
306,10,1,2961.0,64.032,0.334,5.5,13.15,3.538,2,0.707,9
307,10,1,2961.5,66.774,0.323,7.9,14.75,3.558,2,0.683,9
308,10,1,2962.0,68.423,0.313,8.1,15.75,3.476,2,0.659,9
309,10,1,2962.5,63.502,0.318,6.1,14.75,3.682,2,0.634,9
310,10,1,2963.0,57.904,0.349,2.8,12.9,3.937,2,0.61,9
311,10,1,2963.5,52.935,0.415,2.3,10.25,4.133,2,0.585,9
312,10,1,2964.0,45.125,0.507,2.3,8.45,4.248,2,0.561,4
313,10,1,2964.5,39.927,0.605,3.5,6.75,4.468,2,0.537,4
314,10,1,2965.0,36.215,0.703,2.4,6.0,4.575,2,0.512,4
315,10,1,2965.5,31.253,0.787,2.3,4.45,4.557,2,0.488,4
316,10,1,2966.0,28.446,0.832,2.2,3.4,4.573,2,0.463,4
317,10,1,2966.5,27.296,0.821,1.2,4.4,4.79,2,0.439,4
318,10,1,2967.0,28.944,0.755,-0.4,7.3,4.887,2,0.415,9
319,10,1,2967.5,31.596,0.659,-1.6,11.0,4.824,2,0.39,9
320,10,1,2968.0,33.212,0.574,-3.1,14.45,4.765,2,0.366,9
321,10,1,2968.5,34.689,0.517,-3.0,16.4,4.766,2,0.341,9
322,10,1,2969.0,39.266,0.493,-1.9,16.15,4.705,2,0.317,9
323,10,1,2969.5,50.103,0.499,-2.0,14.6,4.453,2,0.293,9
324,10,1,2970.0,65.167,0.525,-1.6,13.1,4.366,2,0.268,9
325,10,1,2970.5,76.436,0.557,-0.6,11.7,4.289,2,0.244,9
326,10,1,2971.0,92.886,0.628,-0.2,9.4,4.272,2,0.195,9
327,10,1,2971.5,99.643,0.683,-0.3,7.95,4.395,2,0.171,9
328,10,1,2972.0,101.585,0.757,0.0,6.5,4.51,2,0.146,9
329,10,1,2972.5,95.775,0.85,1.6,4.9,4.53,2,0.122,4
330,10,1,2973.0,87.036,0.951,2.1,3.95,4.456,2,0.098,4
331,10,1,2973.5,72.331,1.019,2.6,3.6,4.056,2,0.073,4
332,10,1,2974.0,58.859,0.991,3.4,3.9,3.712,2,0.049,4
333,10,1,2974.5,60.932,0.857,1.3,7.35,3.371,2,0.024,4
334,13,1,2975.0,67.655,0.675,-0.8,14.4,3.131,1,1.0,8
335,13,1,2975.5,77.219,0.528,6.8,20.9,3.008,1,0.977,4
336,13,1,2976.0,82.115,0.459,10.6,24.2,2.988,1,0.953,4
337,13,1,2976.5,84.865,0.446,9.4,23.7,3.134,1,0.93,4
338,13,1,2977.0,84.384,0.449,13.3,21.45,3.409,1,0.907,4
339,13,1,2977.5,81.772,0.443,14.8,20.9,3.483,1,0.884,4
340,13,1,2978.0,78.998,0.444,16.5,20.65,3.438,1,0.837,9
341,13,1,2978.5,79.896,0.457,14.9,20.15,3.423,1,0.814,9
342,13,1,2979.0,79.194,0.462,14.8,19.9,3.45,1,0.791,9
343,13,1,2979.5,78.99,0.451,13.5,19.65,3.393,1,0.767,9
344,13,1,2980.0,79.21,0.441,15.1,18.95,3.475,1,0.744,9
345,13,1,2980.5,78.1,0.451,15.6,17.5,3.478,1,0.721,9
346,13,1,2981.0,78.59,0.489,14.3,16.75,3.505,1,0.698,9
347,13,1,2981.5,79.439,0.544,12.7,15.25,3.478,1,0.674,9
348,13,1,2982.0,81.299,0.576,11.5,14.65,3.453,1,0.651,9
349,13,1,2982.5,78.933,0.494,11.9,14.85,3.479,1,0.605,9
350,13,1,2983.0,79.471,0.441,13.4,16.3,3.494,1,0.581,4
351,13,1,2983.5,81.895,0.431,14.2,16.8,3.441,1,0.558,9
352,13,1,2984.0,82.768,0.468,14.3,16.05,3.493,1,0.535,4
353,13,1,2984.5,79.022,0.537,12.9,15.05,3.5,1,0.512,9
354,13,1,2985.0,76.746,0.601,11.4,13.8,3.441,1,0.488,9
355,13,1,2985.5,73.066,0.638,11.1,13.25,3.426,1,0.465,4
356,13,1,2986.0,70.356,0.651,11.0,13.1,3.447,1,0.442,4
357,13,1,2986.5,74.608,0.621,10.5,14.85,3.399,1,0.395,4
358,13,1,2987.0,73.008,0.585,11.1,15.15,3.393,1,0.372,4
359,13,1,2987.5,70.438,0.546,12.1,15.15,3.439,1,0.349,4
360,13,1,2988.0,68.08,0.5,13.5,14.65,3.478,1,0.326,4
361,13,1,2988.5,66.75,0.46,13.6,15.2,3.461,1,0.302,4
362,13,1,2989.0,69.451,0.455,13.4,14.8,3.494,1,0.279,4
363,13,1,2989.5,75.946,0.494,14.2,14.0,3.541,1,0.256,4
364,13,1,2990.0,80.344,0.556,11.8,13.6,3.522,1,0.233,4
365,13,1,2990.5,83.772,0.616,10.4,12.9,3.476,1,0.186,4
366,13,1,2991.0,84.767,0.618,10.7,12.55,3.39,1,0.163,4
367,13,1,2991.5,84.09,0.616,9.4,13.4,3.289,1,0.14,4
368,13,1,2992.0,86.628,0.601,8.8,14.4,3.19,1,0.116,4
369,13,1,2992.5,90.43,0.556,2.0,21.4,3.045,1,0.093,4
370,13,1,2993.0,87.077,0.498,2.0,26.4,3.088,1,0.07,4
371,13,1,2993.5,76.623,0.479,5.3,28.45,3.224,1,0.047,4
372,13,1,2994.0,62.768,0.546,3.2,26.3,3.334,1,0.023,4
373,12,1,2994.5,43.738,0.703,1.8,19.3,3.876,2,1.0,4
374,12,1,2995.0,27.859,0.855,6.9,11.75,4.508,2,0.993,4
375,12,1,2995.5,18.034,0.879,5.3,9.55,4.815,2,0.985,4
376,12,1,2996.0,13.203,0.83,3.0,9.1,4.863,2,0.978,8
377,12,1,2996.5,12.762,0.767,2.0,8.9,5.024,2,0.97,4
378,12,1,2997.0,14.843,0.702,1.8,9.2,4.616,2,0.963,4
379,12,1,2997.5,19.087,0.644,0.4,10.4,4.172,2,0.955,8
380,12,1,2998.0,19.087,0.644,0.4,10.4,4.172,2,0.955,8
381,12,1,2998.5,25.207,0.601,-0.2,10.7,3.97,2,0.948,9
382,12,1,2999.0,27.997,0.587,1.1,10.25,3.933,2,0.94,4
383,12,1,2999.5,28.822,0.602,2.2,10.0,3.875,2,0.933,4
384,12,1,3000.0,28.618,0.622,1.9,10.35,3.969,2,0.925,4
385,12,1,3000.5,24.815,0.612,0.7,11.15,4.118,2,0.918,4
386,12,1,3001.0,23.371,0.575,0.2,11.8,4.243,2,0.91,9
387,12,1,3001.5,23.052,0.542,0.1,12.35,4.196,2,0.903,9
388,12,1,3002.0,23.109,0.522,-0.1,12.15,4.192,2,0.896,9
389,12,1,3002.5,24.138,0.511,-0.3,12.05,3.978,2,0.888,9
390,12,1,3003.0,24.448,0.511,-0.1,11.75,3.975,2,0.881,9
391,12,1,3003.5,25.419,0.523,0.0,11.6,3.962,2,0.873,9
392,12,1,3004.0,26.724,0.56,-0.7,11.35,3.99,2,0.866,9
393,12,1,3004.5,29.213,0.623,-0.8,10.7,3.885,2,0.858,9
394,12,1,3005.0,34.036,0.686,0.4,9.4,3.816,2,0.851,8
395,12,1,3005.5,38.157,0.716,1.7,7.75,3.66,2,0.843,4
396,12,1,3006.0,40.45,0.701,1.8,6.8,3.544,2,0.836,4
397,12,1,3006.5,41.576,0.662,3.5,6.45,3.392,2,0.828,4
398,12,1,3007.0,40.123,0.633,3.7,7.35,3.24,2,0.821,4
399,12,1,3007.5,36.663,0.632,3.4,8.1,3.212,2,0.813,4
400,12,1,3008.0,32.706,0.65,3.8,8.3,3.253,2,0.806,4
401,12,1,3008.5,30.323,0.672,3.4,8.7,3.289,2,0.799,4
402,12,1,3009.0,28.601,0.694,3.0,9.4,3.314,2,0.791,4
403,12,1,3009.5,28.169,0.721,2.4,9.7,3.262,2,0.784,4
404,12,1,3010.0,29.442,0.756,1.4,9.8,3.31,2,0.776,4
405,12,1,3010.5,30.878,0.795,0.7,9.55,3.359,2,0.769,4
406,12,1,3011.0,32.151,0.832,0.1,9.35,3.409,2,0.761,9
407,12,1,3011.5,33.677,0.856,0.4,9.1,3.417,2,0.754,9
408,12,1,3012.0,33.701,0.872,1.1,8.95,3.444,2,0.746,4
409,12,1,3012.5,35.105,0.889,1.5,8.75,3.466,2,0.739,4
410,12,1,3013.0,37.104,0.914,1.6,8.6,3.49,2,0.731,4
411,12,1,3013.5,37.349,0.939,2.1,7.95,3.418,2,0.724,4
412,12,1,3014.0,37.936,0.952,2.4,7.7,3.504,2,0.716,4
413,12,1,3014.5,39.087,0.953,2.1,7.75,3.511,2,0.709,4
414,12,1,3015.0,38.059,0.951,1.7,7.55,3.55,2,0.701,4
415,12,1,3015.5,37.202,0.952,2.2,7.3,3.603,2,0.694,4
416,12,1,3016.0,37.218,0.951,1.8,7.5,3.675,2,0.687,4
417,12,1,3016.5,37.781,0.949,1.4,7.6,3.741,2,0.679,4
418,12,1,3017.0,40.164,0.948,1.5,7.35,3.735,2,0.672,4
419,12,1,3017.5,40.956,0.95,1.6,7.3,3.747,2,0.664,4
420,12,1,3018.0,41.013,0.952,1.5,7.25,3.64,2,0.657,4
421,12,1,3018.5,42.547,0.95,1.9,7.15,3.683,2,0.649,4
422,12,1,3019.0,41.192,0.945,2.0,7.0,3.644,2,0.642,4
423,12,1,3019.5,42.726,0.941,2.3,7.15,3.704,2,0.634,4
424,12,1,3020.0,44.407,0.942,3.4,7.0,3.695,2,0.627,4
425,12,1,3020.5,45.387,0.946,3.8,6.8,3.788,2,0.619,4
426,12,1,3021.0,45.052,0.945,2.6,7.5,3.917,2,0.612,4
427,12,1,3021.5,46.129,0.935,2.4,7.4,3.948,2,0.604,4
428,12,1,3022.0,47.826,0.925,2.5,7.05,4.016,2,0.597,4
429,12,1,3022.5,50.054,0.925,2.3,6.75,3.935,2,0.59,4
430,12,1,3023.0,55.562,0.933,1.8,6.9,3.974,2,0.582,4
431,12,1,3023.5,63.029,0.947,2.0,6.8,3.859,2,0.575,4
432,12,1,3024.0,75.399,0.966,1.9,6.45,3.681,2,0.567,4
433,12,1,3024.5,102.116,0.987,0.2,6.9,3.561,2,0.56,9
434,12,1,3025.0,140.778,0.993,-0.4,7.0,3.513,2,0.552,8
435,12,1,3025.5,183.358,0.981,-0.3,7.35,3.437,2,0.545,9
436,12,1,3026.0,213.999,0.977,0.2,7.8,3.412,2,0.537,9
437,12,1,3026.5,220.413,1.004,0.0,8.0,3.528,2,0.53,9
438,12,1,3027.0,200.306,1.027,0.0,8.0,3.671,2,0.522,9
439,12,1,3027.5,162.149,0.999,-0.2,8.5,3.746,2,0.515,9
440,12,1,3028.0,121.202,0.95,0.2,9.2,3.892,2,0.507,8
441,12,1,3028.5,92.805,0.916,1.3,9.95,3.924,2,0.5,4
442,12,1,3029.0,77.758,0.894,1.9,10.65,3.953,2,0.493,4
443,12,1,3029.5,67.623,0.879,2.9,10.85,3.889,2,0.485,4
444,12,1,3030.0,62.376,0.873,2.5,11.45,3.799,2,0.478,4
445,12,1,3030.5,59.463,0.873,2.1,11.25,3.773,2,0.47,4
446,12,1,3031.0,55.211,0.872,2.7,10.45,3.784,2,0.463,4
447,12,1,3031.5,51.727,0.866,2.3,10.35,3.787,2,0.455,4
448,12,1,3032.0,52.38,0.858,2.1,10.75,3.776,2,0.448,4
449,12,1,3032.5,53.122,0.851,2.5,11.05,3.724,2,0.44,4
450,12,1,3033.0,51.245,0.844,2.7,11.25,3.697,2,0.433,4
451,12,1,3033.5,52.208,0.836,1.5,11.75,3.653,2,0.425,4
452,12,1,3034.0,54.95,0.826,1.3,12.05,3.647,2,0.418,4
453,12,1,3034.5,54.436,0.817,2.0,12.0,3.65,2,0.41,4
454,12,1,3035.0,54.811,0.81,1.8,12.1,3.678,2,0.403,4
455,12,1,3035.5,55.603,0.801,1.6,12.2,3.644,2,0.396,4
456,12,1,3036.0,54.289,0.785,1.3,12.75,3.656,2,0.388,4
457,12,1,3036.5,52.38,0.768,2.0,13.0,3.598,2,0.381,4
458,12,1,3037.0,53.645,0.758,2.0,13.7,3.582,2,0.373,4
459,12,1,3037.5,53.93,0.757,2.1,13.75,3.581,2,0.366,4
460,12,1,3038.0,56.072,0.755,2.9,13.75,3.645,2,0.358,4
461,12,1,3038.5,59.017,0.75,4.0,13.7,3.694,2,0.351,4
462,12,1,3039.0,62.144,0.742,4.4,14.1,3.65,2,0.343,4
463,12,1,3039.5,64.814,0.73,4.8,14.2,3.66,2,0.336,4
464,12,1,3040.0,66.705,0.714,5.6,14.6,3.689,2,0.328,4
465,12,1,3040.5,67.568,0.695,6.5,15.45,3.674,2,0.321,4
466,12,1,3041.0,67.683,0.676,6.7,15.65,3.603,2,0.313,4
467,12,1,3041.5,67.683,0.662,6.0,15.4,3.562,2,0.306,4
468,12,1,3042.0,67.683,0.666,5.7,15.25,3.57,2,0.299,4
469,12,1,3042.5,67.683,0.701,6.0,15.2,3.603,2,0.291,4
470,12,1,3043.0,67.683,0.778,5.1,15.65,3.537,2,0.284,4
471,12,1,3043.5,67.683,0.882,4.9,15.75,3.547,2,0.276,4
472,12,1,3044.0,67.683,0.973,4.4,15.8,3.533,2,0.269,4
473,12,1,3044.5,67.683,1.017,3.5,16.25,3.495,2,0.261,4
474,0,0,2972.5,49.675,0.845,3.905,11.175,3.265,2,1.0,7
475,0,0,2973.0,34.435,0.879,3.085,8.175,3.831,2,0.991,7
476,0,0,2973.5,26.178,0.92,2.615,4.945,4.306,2,0.981,7
477,0,0,2974.0,19.463,0.967,0.82,3.82,4.578,2,0.972,7
478,0,0,2974.5,19.26,0.995,0.32,3.63,4.643,2,0.962,8
479,0,0,2975.0,19.985,1.008,0.06,4.32,4.614,2,0.953,9
480,0,0,2975.5,22.298,1.002,-0.01,5.5,4.491,2,0.943,9
481,0,0,2976.0,24.611,0.956,0.05,6.87,4.369,2,0.934,9
482,0,0,2976.5,24.677,0.824,0.31,6.94,4.047,2,0.915,7
483,0,0,2977.0,24.946,0.667,0.965,5.915,3.893,2,0.906,7
484,0,0,2977.5,29.31,0.559,2.11,6.15,3.52,2,0.896,7
485,0,0,2978.0,37.322,0.522,3.375,8.445,3.125,2,0.887,7
486,0,0,2978.5,42.142,0.51,3.985,10.785,2.843,2,0.877,7
487,0,0,2979.0,52.434,0.492,4.42,13.15,2.674,2,0.868,7
488,0,0,2979.5,63.181,0.473,5.18,14.13,2.644,2,0.858,7
489,0,0,2980.0,69.405,0.465,5.52,14.56,2.663,2,0.849,7
490,0,0,2980.5,77.785,0.475,5.82,14.94,2.68,2,0.84,9
491,0,0,2981.0,83.577,0.469,5.965,15.395,2.666,2,0.83,9
492,0,0,2981.5,84.058,0.513,6.025,15.855,2.622,2,0.821,9
493,0,0,2982.0,81.82,0.544,5.95,16.05,2.609,2,0.811,9
494,0,0,2982.5,80.257,0.563,5.74,16.1,2.626,2,0.802,9
495,0,0,2983.0,79.833,0.579,5.135,15.715,2.662,2,0.792,9
496,0,0,2983.5,80.323,0.583,4.565,15.275,2.693,2,0.783,9
497,0,0,2984.0,84.704,0.59,4.365,15.165,2.711,2,0.774,9
498,0,0,2984.5,96.674,0.596,4.725,15.565,2.744,2,0.764,9
499,0,0,2985.0,112.662,0.609,4.88,15.71,2.824,2,0.755,7
500,0,0,2985.5,131.484,0.634,5.11,15.6,2.935,2,0.745,7
501,0,0,2986.0,138.169,0.659,5.33,15.1,3.0,2,0.736,7
502,0,0,2986.5,135.045,0.682,5.1,14.46,3.048,2,0.726,7
503,0,0,2987.0,117.726,0.707,4.415,13.315,3.097,2,0.717,7
504,0,0,2987.5,98.382,0.729,3.395,11.695,3.193,2,0.708,7
505,0,0,2988.0,91.348,0.771,3.235,10.985,3.308,2,0.698,7
506,0,0,2988.5,87.05,0.831,3.21,10.64,3.493,2,0.689,7
507,0,0,2989.0,82.98,0.928,2.835,10.115,3.526,2,0.679,7
508,0,0,2989.5,67.264,1.019,0.475,8.435,3.217,2,0.67,7
509,0,0,2990.0,57.069,1.047,-2.385,7.115,3.157,2,0.66,8
510,0,0,2990.5,46.874,1.066,-3.97,6.6,3.159,2,0.651,8
511,0,0,2991.0,39.325,1.06,-3.69,7.15,3.224,2,0.642,8
512,0,0,2991.5,43.946,1.042,-2.73,7.29,3.272,2,0.632,8
513,0,0,2992.0,51.73,1.005,-0.9,7.98,3.29,2,0.623,8
514,0,0,2992.5,58.374,0.956,1.46,9.41,3.277,2,0.613,7
515,0,0,2993.0,67.754,0.904,3.985,11.545,3.296,2,0.604,7
516,0,0,2993.5,71.206,0.874,5.045,12.915,3.328,2,0.594,7
517,0,0,2994.0,69.188,0.852,4.86,12.85,3.33,2,0.585,7
518,0,0,2994.5,58.452,0.841,3.455,11.265,3.332,2,0.575,7
519,0,0,2995.0,38.715,0.816,2.185,9.855,3.365,2,0.566,7
520,0,0,2995.5,30.541,0.801,0.96,8.76,3.476,2,0.557,7
521,0,0,2996.0,21.684,0.792,-0.04,8.28,3.774,2,0.547,9
522,0,0,2996.5,21.252,0.793,-0.505,9.225,4.041,2,0.538,9
523,0,0,2997.0,23.117,0.793,-0.555,9.895,4.292,2,0.528,9
524,0,0,2997.5,28.85,0.791,-0.46,9.89,4.371,2,0.519,9
525,0,0,2998.0,36.226,0.788,-0.085,9.175,4.112,2,0.509,9
526,0,0,2998.5,42.83,0.801,0.41,8.49,3.91,2,0.5,7
527,0,0,2999.0,46.846,0.82,1.255,8.275,3.793,2,0.491,7
528,0,0,2999.5,48.133,0.845,1.77,8.29,3.486,2,0.481,7
529,0,0,3000.0,43.162,0.874,1.35,8.64,3.263,2,0.472,7
530,0,0,3000.5,36.586,0.92,1.01,8.74,3.187,2,0.462,7
531,0,0,3001.0,32.746,0.955,0.625,8.535,3.173,2,0.453,7
532,0,0,3001.5,30.957,0.974,0.565,8.555,3.315,2,0.443,7
533,0,0,3002.0,30.765,0.981,0.545,8.575,3.441,2,0.434,7
534,0,0,3002.5,31.265,0.987,0.625,8.425,3.618,2,0.425,7
535,0,0,3003.0,33.124,0.994,0.755,8.045,3.943,2,0.415,7
536,0,0,3003.5,35.211,0.997,0.635,7.555,4.07,2,0.406,7
537,0,0,3004.0,36.386,0.988,0.125,7.135,3.885,2,0.396,8
538,0,0,3004.5,38.017,0.951,-0.175,6.875,3.654,2,0.387,9
539,0,0,3005.0,41.016,0.903,0.055,6.825,3.438,2,0.377,9
540,0,0,3005.5,49.654,0.854,1.52,7.51,3.33,2,0.368,7
541,0,0,3006.0,62.068,0.799,3.1,9.13,3.209,2,0.358,7
542,0,0,3006.5,71.222,0.74,4.0,10.98,3.087,2,0.349,7
543,0,0,3007.0,73.309,0.691,4.015,12.425,2.98,2,0.34,7
544,0,0,3007.5,69.469,0.627,3.19,13.37,2.904,2,0.33,7
545,0,0,3008.0,65.857,0.559,2.1,14.08,2.859,2,0.321,9
546,0,0,3008.5,58.369,0.504,0.715,14.235,2.83,2,0.311,7
547,0,0,3009.0,56.125,0.435,-0.775,13.415,2.786,2,0.302,9
548,0,0,3009.5,56.769,0.378,-1.155,12.805,2.726,2,0.292,9
549,0,0,3010.0,62.587,0.298,-0.18,12.87,2.588,2,0.283,9
550,0,0,3010.5,64.674,0.252,0.24,14.42,2.465,2,0.274,9
551,0,0,3011.0,64.253,0.212,0.24,16.36,2.374,2,0.264,9
552,0,0,3011.5,61.553,0.166,-0.295,18.395,2.329,2,0.255,9
553,0,0,3012.0,60.221,0.114,-0.59,19.27,2.315,2,0.245,9
554,0,0,3012.5,59.116,0.093,-0.655,19.655,2.302,2,0.236,9
555,0,0,3013.0,57.997,0.081,-0.8,19.69,2.258,2,0.226,9
556,0,0,3013.5,57.363,0.091,-1.105,19.095,2.243,2,0.217,9
557,0,0,3014.0,57.863,0.144,-1.27,18.12,2.261,2,0.208,9
558,0,0,3014.5,59.038,0.206,-1.26,17.03,2.326,2,0.198,9
559,0,0,3015.0,60.213,0.29,-1.04,16.68,2.409,2,0.189,9
560,0,0,3015.5,61.16,0.368,-0.14,16.68,2.781,2,0.179,9
561,0,0,3016.0,58.46,0.468,-0.25,15.21,3.327,2,0.17,9
562,0,0,3016.5,53.48,0.564,0.36,11.47,3.796,2,0.16,9
563,0,0,3017.0,51.692,0.657,0.825,8.125,4.062,2,0.151,7
564,0,0,3017.5,67.238,0.807,1.7,7.13,4.173,2,0.142,7
565,0,0,3018.0,74.796,0.89,2.905,7.335,4.19,2,0.132,7
566,0,0,3018.5,75.743,0.925,3.055,7.765,4.302,2,0.123,7
567,0,0,3019.0,70.991,0.928,2.325,7.785,4.444,2,0.113,7
568,0,0,3019.5,57.348,0.929,1.355,7.395,4.492,2,0.104,7
569,0,0,3020.0,46.213,0.929,0.67,7.43,4.385,2,0.094,7
570,0,0,3020.5,42.116,0.926,0.19,7.17,4.201,2,0.085,9
571,0,0,3021.0,44.925,0.918,-0.19,6.69,4.093,2,0.075,9
572,0,0,3021.5,55.903,0.912,0.07,5.72,4.034,2,0.066,9
573,0,0,3022.0,66.196,0.906,0.495,5.375,3.958,2,0.057,7
574,0,0,3022.5,73.526,0.894,1.44,5.26,3.82,2,0.047,7
575,3,0,3032.0,72.392,0.709,-0.74,18.41,2.629,1,0.125,9
576,3,0,3032.5,69.928,0.792,-0.69,19.32,2.616,1,0.063,9
577,2,0,3033.0,64.72,0.849,-0.96,16.33,2.914,2,1.0,8
578,2,0,3033.5,52.445,0.892,0.91,11.35,3.292,2,0.977,4
579,2,0,3034.0,43.362,0.93,-0.02,6.92,3.571,2,0.955,8
580,2,0,3034.5,42.064,0.974,0.015,5.495,3.435,2,0.909,8
581,2,0,3035.0,45.642,0.956,0.005,5.475,3.375,2,0.886,8
582,2,0,3035.5,53.266,0.932,-0.105,5.545,3.299,2,0.864,8
583,2,0,3036.0,59.043,0.894,0.17,6.99,3.114,2,0.841,8
584,2,0,3036.5,62.331,0.834,-0.245,9.835,2.813,2,0.818,8
585,2,0,3037.0,60.946,0.884,-1.69,16.08,2.745,2,0.795,8
586,2,0,3037.5,53.914,0.918,-0.72,19.54,3.152,2,0.773,8
587,2,0,3038.0,45.287,0.922,-0.86,18.44,3.962,2,0.75,8
588,2,0,3038.5,30.049,0.925,0.445,13.565,4.571,2,0.727,4
589,2,0,3039.0,23.017,0.947,0.54,9.59,4.806,2,0.705,4
590,2,0,3039.5,21.228,0.973,-0.03,7.57,4.824,2,0.682,9
591,2,0,3040.0,20.109,0.985,0.225,6.725,4.81,2,0.659,8
592,2,0,3040.5,19.256,0.995,0.415,6.505,4.859,2,0.636,4
593,2,0,3041.0,18.38,0.999,0.44,6.29,4.892,2,0.614,4
594,2,0,3041.5,17.275,0.987,0.185,6.075,4.91,2,0.591,9
595,2,0,3042.0,16.39,0.975,0.015,5.815,4.88,2,0.568,9
596,2,0,3042.5,16.197,0.963,-0.205,5.445,4.834,2,0.545,9
597,2,0,3043.0,16.469,0.957,-0.225,5.335,4.76,2,0.523,9
598,2,0,3043.5,20.38,0.973,-0.295,5.255,4.669,2,0.5,8
599,2,0,3044.0,31.86,1.005,-0.185,5.045,4.547,2,0.477,9
600,2,0,3044.5,39.608,1.039,0.44,5.16,4.517,2,0.455,4
601,2,0,3045.0,43.291,1.064,0.96,5.09,4.488,2,0.432,4
602,2,0,3045.5,44.001,1.089,1.295,4.875,4.396,2,0.409,4
603,2,0,3046.0,38.574,1.112,0.7,4.09,4.275,2,0.386,4
604,2,0,3046.5,35.19,1.128,0.195,3.575,4.245,2,0.364,4
605,2,0,3047.0,32.946,1.131,-0.215,3.205,4.434,2,0.341,4
606,2,0,3047.5,31.613,1.128,-0.095,3.545,4.405,2,0.318,4
607,2,0,3048.0,32.113,1.092,-0.005,4.715,4.329,2,0.295,4
608,2,0,3048.5,32.368,1.052,0.29,5.42,4.285,2,0.273,4
609,2,0,3049.0,31.507,0.978,0.405,5.865,4.224,2,0.25,4
610,2,0,3049.5,30.849,0.88,0.445,6.595,4.04,2,0.227,4
611,2,0,3050.0,29.953,0.772,0.91,7.82,3.451,2,0.205,4
612,2,0,3050.5,28.876,0.723,1.24,9.64,3.141,2,0.182,4
613,2,0,3051.0,28.228,0.705,1.21,10.47,3.206,2,0.159,4
614,2,0,3051.5,28.263,0.693,1.005,10.355,3.38,2,0.136,4
615,2,0,3052.0,28.754,0.693,0.47,9.35,3.646,2,0.114,4
616,2,0,3052.5,34.26,0.694,0.34,7.94,3.974,2,0.091,4
617,2,0,3053.0,45.01,0.694,0.485,6.185,4.241,2,0.068,4
618,2,0,3053.5,55.98,0.707,0.665,5.945,4.093,2,0.045,4
619,2,0,3054.0,67.146,0.717,0.965,6.695,3.67,2,0.023,4
620,5,0,3054.5,80.0,0.708,1.965,8.815,3.361,1,1.0,8
621,5,0,3055.0,85.05,0.69,3.215,10.515,3.16,1,0.95,4
622,5,0,3055.5,83.946,0.659,3.965,11.115,3.178,1,0.9,4
623,5,0,3056.0,80.973,0.623,4.61,10.99,3.211,1,0.85,4
624,5,0,3056.5,78.782,0.592,4.845,10.905,3.213,1,0.8,9
625,5,0,3057.0,76.082,0.574,4.82,10.73,3.231,1,0.75,9
626,5,0,3057.5,72.925,0.562,4.535,10.405,3.217,1,0.7,9
627,5,0,3058.0,72.049,0.55,4.24,10.55,3.187,1,0.65,9
628,5,0,3058.5,71.391,0.535,4.115,11.005,3.128,1,0.6,9
629,5,0,3059.0,70.751,0.527,4.055,11.765,3.036,1,0.55,9
630,5,0,3059.5,71.261,0.533,4.235,12.565,3.007,1,0.5,9
631,5,0,3060.0,73.11,0.518,4.44,12.8,2.978,1,0.45,9
632,5,0,3060.5,75.425,0.491,3.815,12.085,2.903,1,0.4,9
633,5,0,3061.0,76.828,0.47,3.265,11.525,2.687,1,0.35,4
634,5,0,3061.5,75.04,0.458,3.16,11.69,2.58,1,0.3,4
635,5,0,3062.0,70.288,0.449,3.695,12.535,2.534,1,0.25,4
636,4,0,3062.5,66.266,0.443,4.505,13.995,2.553,1,0.2,4
637,4,0,3063.0,60.79,0.441,6.07,16.34,2.679,1,0.15,4
638,4,0,3063.5,54.67,0.444,6.25,16.74,3.35,1,0.1,4
639,4,0,3064.0,48.094,0.445,5.995,16.615,3.865,1,0.05,4
640,4,0,3064.5,41.062,0.445,3.425,13.955,4.24,2,1.0,8
641,4,0,3065.0,39.046,0.455,1.725,12.915,4.507,2,0.964,8
642,4,0,3065.5,38.169,0.458,1.1,12.79,4.354,2,0.929,8
643,4,0,3066.0,40.493,0.465,0.895,13.365,4.293,2,0.893,8
644,4,0,3066.5,43.948,0.459,0.68,13.98,4.248,2,0.857,8
645,4,0,3067.0,46.491,0.423,0.57,14.45,4.266,2,0.821,9
646,4,0,3067.5,47.21,0.392,0.565,14.945,4.331,2,0.786,9
647,4,0,3068.0,46.789,0.346,0.765,15.325,4.395,2,0.75,9
648,4,0,3068.5,45.912,0.325,0.985,15.625,4.397,2,0.714,9
649,4,0,3069.0,45.704,0.304,1.205,15.925,4.383,2,0.679,9
650,4,0,3069.5,45.527,0.295,1.27,15.89,4.276,2,0.643,9
651,4,0,3070.0,44.887,0.289,1.155,15.315,4.123,2,0.607,9
652,4,0,3070.5,44.23,0.29,0.815,14.205,3.95,2,0.571,9
653,4,0,3071.0,44.274,0.281,0.55,12.84,3.785,2,0.536,9
654,4,0,3071.5,45.221,0.247,0.545,11.605,3.647,2,0.5,9
655,4,0,3072.0,46.396,0.167,1.685,11.385,3.431,2,0.464,9
656,4,0,3072.5,46.888,0.118,2.92,12.76,3.2,2,0.429,9
657,4,0,3073.0,46.475,0.069,4.4,16.76,2.968,2,0.393,9
658,4,0,3073.5,46.738,0.042,5.065,20.085,2.815,2,0.357,9
659,4,0,3074.0,47.914,0.033,4.815,20.915,2.848,2,0.321,9
660,4,0,3074.5,51.596,0.04,4.485,20.755,2.99,2,0.286,9
661,4,0,3075.0,62.89,0.102,4.42,17.02,3.474,2,0.25,9
662,4,0,3075.5,80.38,0.22,3.955,12.965,4.067,2,0.214,9
663,4,0,3076.0,105.725,0.347,2.42,7.33,4.271,2,0.179,9
664,4,0,3076.5,131.069,0.524,1.655,5.355,3.838,2,0.143,4
665,4,0,3077.0,145.018,0.636,-0.905,7.135,3.203,2,0.107,9
666,4,0,3077.5,131.376,0.726,-1.94,12.26,2.816,2,0.071,8
667,7,0,3078.0,110.21,0.792,0.27,14.14,2.678,2,0.036,4
668,7,0,3078.5,89.045,0.826,3.14,13.7,2.773,1,1.0,8
669,7,0,3079.0,73.807,0.808,4.795,11.855,3.371,1,0.944,8
670,7,0,3079.5,73.158,0.781,4.755,10.905,3.493,1,0.889,8
671,7,0,3080.0,73.195,0.763,3.975,10.205,3.432,1,0.833,4
672,7,0,3080.5,72.325,0.748,3.68,10.0,3.387,1,0.778,9
673,7,0,3081.0,71.221,0.742,3.33,9.69,3.374,1,0.722,4
674,7,0,3081.5,70.563,0.742,2.76,9.25,3.329,1,0.667,4
675,7,0,3082.0,71.519,0.733,1.75,10.04,3.145,1,0.611,4
676,7,0,3082.5,74.062,0.722,2.32,12.64,2.945,1,0.556,4
677,7,0,3083.0,77.061,0.71,2.765,15.055,2.776,1,0.5,4
678,7,0,3083.5,78.693,0.695,3.04,15.66,2.793,1,0.444,4
679,7,0,3084.0,79.192,0.683,2.505,14.075,2.951,1,0.389,4
680,7,0,3084.5,79.192,0.683,2.505,14.075,2.951,1,0.389,4
681,7,0,3085.0,78.999,0.662,2.395,12.335,2.984,1,0.333,4
682,7,0,3085.5,78.114,0.64,2.395,11.095,2.909,1,0.278,4
683,7,0,3086.0,77.246,0.625,2.705,12.075,2.708,1,0.222,4
684,7,0,3086.5,76.369,0.62,2.305,15.615,2.601,1,0.167,4
685,7,0,3087.0,72.301,0.633,0.98,21.27,2.759,1,0.111,4
686,7,0,3087.5,61.107,0.667,-1.74,21.21,3.849,1,0.056,9
687,6,0,3088.0,41.149,0.68,-2.295,18.875,4.854,2,1.0,8
688,6,0,3088.5,28.419,0.686,-0.92,14.54,5.036,2,0.938,8
689,6,0,3089.0,22.527,0.687,0.36,10.24,5.044,2,0.875,8
690,6,0,3089.5,18.459,0.684,2.27,8.16,4.931,2,0.813,9
691,6,0,3090.0,17.345,0.679,2.67,8.23,4.547,2,0.75,9
692,6,0,3090.5,17.617,0.676,2.855,8.725,4.328,2,0.688,4
693,6,0,3091.0,19.292,0.664,2.695,9.465,4.299,2,0.625,9
694,6,0,3091.5,21.572,0.655,2.535,9.705,4.301,2,0.563,4
695,6,0,3092.0,22.975,0.653,1.95,9.21,4.319,2,0.5,4
696,6,0,3092.5,23.922,0.65,1.34,8.59,4.305,2,0.438,4
697,6,0,3093.0,24.869,0.657,0.63,7.42,4.291,2,0.375,4
698,6,0,3093.5,27.64,0.669,0.42,6.02,4.216,2,0.313,9
699,6,0,3094.0,34.058,0.67,0.44,4.4,4.109,2,0.25,4
700,6,0,3094.5,41.489,0.652,1.11,4.03,3.815,2,0.188,4
701,6,0,3095.0,51.235,0.631,1.73,5.19,3.444,2,0.125,4
702,9,0,3095.5,55.601,0.61,2.42,7.82,3.146,2,0.063,4
703,9,0,3096.0,59.512,0.601,3.715,10.375,2.935,1,1.0,8
704,9,0,3096.5,62.055,0.598,4.13,12.01,2.844,1,0.95,8
705,9,0,3097.0,64.37,0.592,3.83,12.15,2.768,1,0.9,8
706,9,0,3097.5,65.773,0.587,3.32,11.31,2.708,1,0.85,4
707,9,0,3098.0,66.036,0.593,2.635,9.895,2.663,1,0.8,9
708,9,0,3098.5,64.712,0.597,2.65,9.32,2.616,1,0.75,9
709,9,0,3099.0,64.039,0.6,2.545,8.775,2.603,1,0.7,9
710,9,0,3099.5,64.332,0.61,2.57,8.69,2.589,1,0.65,9
711,9,0,3100.0,68.247,0.601,2.545,9.105,2.531,1,0.6,9
712,9,0,3100.5,75.809,0.583,2.99,10.63,2.486,1,0.55,9
713,9,0,3101.0,84.739,0.559,3.69,12.42,2.488,1,0.5,9
714,9,0,3101.5,95.768,0.541,4.595,14.775,2.52,1,0.45,9
715,9,0,3102.0,94.175,0.529,4.575,15.465,2.6,1,0.4,9
716,9,0,3102.5,89.427,0.529,4.575,15.555,2.788,1,0.35,4
717,9,0,3103.0,84.908,0.527,4.35,14.27,3.148,1,0.3,4
718,9,0,3103.5,81.3,0.53,3.17,11.82,3.103,1,0.25,4
719,9,0,3104.0,82.251,0.534,1.84,10.85,2.691,1,0.2,4
720,9,0,3104.5,83.203,0.568,0.12,16.21,2.235,1,0.15,9
721,9,0,3105.0,82.888,0.647,-0.305,24.225,2.113,1,0.1,9
722,8,0,3105.5,70.526,0.731,-3.475,31.335,2.301,1,0.05,9
723,8,0,3106.0,59.858,0.793,-2.585,25.825,3.329,2,1.0,8
724,8,0,3106.5,43.933,0.815,-2.425,18.585,4.233,2,0.944,8
725,8,0,3107.0,30.523,0.828,-0.505,13.435,4.53,2,0.889,8
726,8,0,3107.5,21.444,0.867,-0.83,7.75,4.734,2,0.833,8
727,8,0,3108.0,18.52,0.948,0.5,5.3,4.86,2,0.778,4
728,8,0,3108.5,20.668,1.034,0.725,4.655,4.986,2,0.722,4
729,8,0,3109.0,23.396,1.077,0.945,4.055,4.972,2,0.667,4
730,8,0,3109.5,25.716,1.112,1.0,3.38,4.974,2,0.611,4
731,8,0,3110.0,28.035,1.131,1.335,2.125,4.991,2,0.556,4
732,8,0,3110.5,31.494,1.128,1.565,1.855,5.024,2,0.5,4
733,8,0,3111.0,42.743,1.145,0.74,2.92,4.996,2,0.389,4
734,8,0,3111.5,47.021,1.158,0.415,2.815,4.874,2,0.333,4
735,8,0,3112.0,49.443,1.158,0.265,2.475,4.72,2,0.278,4
736,8,0,3112.5,48.343,1.072,0.175,2.025,4.435,2,0.222,4
737,8,0,3113.0,47.243,0.993,0.305,2.325,4.07,2,0.167,4
738,8,0,3113.5,47.738,0.936,0.625,3.575,3.745,2,0.111,4
739,11,0,3114.0,55.757,0.9,2.86,7.09,3.514,2,0.056,4
740,11,0,3114.5,67.815,0.876,4.345,9.295,3.406,1,1.0,4
741,11,0,3115.0,68.904,0.852,4.72,9.57,3.455,1,0.938,4
742,11,0,3115.5,64.085,0.834,3.905,7.665,3.565,1,0.875,8
743,11,0,3116.0,53.913,0.828,3.37,5.72,3.645,1,0.813,9
744,11,0,3116.5,50.715,0.841,2.665,4.465,3.615,1,0.75,4
745,11,0,3117.0,51.22,0.854,2.43,3.86,3.714,1,0.688,4
746,11,0,3119.0,65.99,0.794,3.075,6.985,3.5,1,0.438,4
747,11,0,3119.5,74.325,0.764,1.485,11.995,3.159,1,0.375,4
748,11,0,3120.0,77.227,0.718,1.095,15.315,2.865,1,0.313,4
749,11,0,3120.5,78.863,0.687,1.285,17.905,2.696,1,0.25,4
750,11,0,3121.0,79.13,0.669,2.755,19.325,2.651,1,0.188,4
751,11,0,3121.5,76.89,0.657,4.55,19.53,2.671,1,0.125,4
752,10,0,3122.0,69.179,0.692,6.11,19.22,3.114,1,0.063,4
753,10,0,3122.5,59.999,0.732,4.62,16.19,4.134,2,1.0,8
754,10,0,3123.0,41.912,0.761,1.64,10.98,4.726,2,0.983,8
755,10,0,3123.5,26.222,0.805,0.755,7.955,4.899,2,0.966,8
756,10,0,3124.0,22.615,0.845,1.58,6.02,4.854,2,0.948,4
757,10,0,3124.5,20.83,0.849,1.97,4.39,4.778,2,0.931,4
758,10,0,3125.0,21.326,0.836,2.77,4.39,4.655,2,0.914,8
759,10,0,3125.5,23.645,0.725,3.665,5.185,4.408,2,0.897,8
760,10,0,3126.0,29.02,0.587,4.805,7.455,3.97,2,0.879,8
761,10,0,3126.5,35.588,0.461,5.255,11.615,3.606,2,0.862,4
762,10,0,3127.0,39.503,0.325,5.335,18.395,3.309,2,0.845,9
763,10,0,3127.5,41.139,0.239,4.545,21.765,3.342,2,0.828,9
764,10,0,3128.0,41.862,0.184,2.77,21.54,3.422,2,0.81,9
765,10,0,3128.5,42.586,0.169,-0.02,19.0,3.485,2,0.793,9
766,10,0,3129.0,44.221,0.139,2.425,18.905,3.378,2,0.776,9
767,10,0,3129.5,47.395,0.121,3.7,20.04,3.209,2,0.759,9
768,10,0,3130.0,54.796,0.103,4.59,22.87,3.133,2,0.741,9
769,10,0,3130.5,58.255,0.091,5.19,25.77,3.166,2,0.724,9
770,10,0,3131.0,60.347,0.076,4.065,26.095,3.118,2,0.707,9
771,10,0,3131.5,61.754,0.048,3.235,25.165,3.06,2,0.69,9
772,10,0,3132.0,61.794,0.002,2.74,22.4,3.14,2,0.672,9
773,10,0,3132.5,61.833,-0.047,3.65,21.13,3.437,2,0.655,9
774,10,0,3133.0,62.358,-0.096,4.43,21.27,3.672,2,0.638,9
775,10,0,3133.5,63.062,-0.147,4.895,22.325,3.782,2,0.621,9
776,10,0,3134.0,63.33,-0.206,5.245,22.895,3.737,2,0.603,9
777,10,0,3134.5,62.685,-0.218,5.035,22.725,3.584,2,0.586,9
778,10,0,3135.0,60.217,-0.23,4.57,21.84,3.444,2,0.569,9
779,10,0,3135.5,55.926,-0.217,5.185,20.385,3.352,2,0.552,9
780,10,0,3136.0,52.318,-0.185,5.795,18.665,3.496,2,0.534,9
781,10,0,3136.5,47.244,-0.16,5.445,15.725,3.855,2,0.517,9
782,10,0,3137.0,45.786,-0.138,4.165,11.765,3.966,2,0.5,9
783,10,0,3137.5,46.975,-0.116,5.55,10.25,3.765,2,0.483,9
784,10,0,3138.0,51.907,-0.103,7.385,11.675,3.44,2,0.466,9
785,10,0,3138.5,58.336,-0.093,6.61,13.74,3.162,2,0.448,9
786,10,0,3139.0,64.995,-0.09,5.94,16.68,3.024,2,0.431,9
787,10,0,3139.5,67.543,-0.089,5.7,17.72,3.057,2,0.414,9
788,10,0,3140.0,68.041,-0.104,5.755,18.395,3.171,2,0.397,9
789,10,0,3140.5,66.186,-0.144,5.995,19.265,3.231,2,0.379,9
790,10,0,3141.0,62.184,-0.187,6.54,20.72,3.264,2,0.362,9
791,10,0,3141.5,57.883,-0.239,6.0,21.62,3.297,2,0.345,9
792,10,0,3142.0,54.039,-0.297,5.725,22.245,3.282,2,0.328,9
793,10,0,3142.5,53.154,-0.371,5.745,23.065,3.222,2,0.31,9
794,10,0,3143.0,60.506,-0.432,5.78,23.96,3.115,2,0.293,9
795,10,0,3143.5,68.99,-0.456,6.14,25.32,2.977,2,0.276,9
796,10,0,3144.0,88.891,-0.468,7.025,27.595,2.916,2,0.259,9
797,10,0,3144.5,114.955,-0.455,6.925,28.395,2.924,2,0.241,9
798,10,0,3145.0,139.876,-0.405,6.245,28.025,3.215,2,0.224,9
799,10,0,3145.5,157.729,-0.353,4.685,26.015,3.373,2,0.207,9
800,10,0,3146.0,167.803,-0.219,4.27,23.37,3.81,2,0.19,9
801,10,0,3146.5,151.183,-0.057,0.925,17.125,4.153,2,0.172,9
802,10,0,3147.0,123.264,0.067,0.285,14.215,4.404,2,0.155,9
803,10,0,3147.5,108.569,0.234,0.705,12.225,4.499,2,0.138,9
804,10,0,3148.0,101.072,0.427,1.15,10.76,4.392,2,0.121,9
805,10,0,3148.5,91.748,0.625,1.135,9.605,4.254,2,0.103,4
806,10,0,3149.0,83.794,0.749,2.075,7.845,4.023,2,0.086,4
807,10,0,3149.5,83.794,0.749,2.075,7.845,4.023,2,0.086,4
808,10,0,3150.0,79.722,0.771,2.89,6.64,4.04,2,0.069,4
809,10,0,3150.5,76.334,0.8,2.96,6.29,3.997,2,0.052,4
810,10,0,3151.0,73.631,0.8,2.68,6.69,3.828,2,0.034,4
811,10,0,3151.5,76.865,0.772,2.42,8.6,3.535,2,0.017,4
812,13,0,3152.0,79.924,0.752,2.62,11.51,3.148,1,1.0,8
813,13,0,3152.5,82.199,0.728,3.725,14.555,2.964,1,0.972,8
814,13,0,3153.0,79.953,0.7,5.61,16.93,2.793,1,0.944,4
815,13,0,3153.5,75.881,0.673,6.3,17.57,2.969,1,0.917,4
816,13,0,3154.0,67.47,0.652,4.775,15.795,3.282,1,0.889,4
817,13,0,3154.5,58.832,0.64,4.315,13.575,3.642,1,0.861,4
818,13,0,3155.0,57.946,0.631,3.595,11.305,3.893,1,0.833,4
819,13,0,3155.5,65.755,0.625,3.465,10.355,3.911,1,0.806,9
820,13,0,3156.0,69.445,0.617,3.39,11.54,3.82,1,0.778,9
821,13,0,3156.5,73.389,0.608,3.625,12.775,3.62,1,0.75,9
822,13,0,3157.0,77.115,0.605,4.14,13.42,3.467,1,0.722,9
823,13,0,3157.5,79.84,0.596,4.875,13.825,3.36,1,0.694,9
824,13,0,3158.0,82.616,0.577,5.235,14.845,3.207,1,0.667,9
825,13,0,3158.5,86.078,0.554,5.04,16.15,3.161,1,0.639,9
826,13,0,3159.0,88.855,0.539,5.56,16.75,3.118,1,0.611,9
827,13,0,3159.5,90.49,0.53,6.36,16.78,3.168,1,0.583,9
828,13,0,3160.0,90.975,0.522,7.035,16.995,3.154,1,0.556,9
829,13,0,3160.5,90.108,0.513,7.505,17.595,3.125,1,0.528,9
